AppID,Status,Department,Gender,AcademicLevel,AcademicTerm,Age,Date,Month,ExamCentre,Scholarship,Requests,Month_Name,AgeGroup,Country,Lat,Long,Continent
1,A,English,M,BS,Spring,18,2020,1,1,T1,R,Jan,18-24,Pakistan,30.3753,69.3451,Asia
2,A,Urdu,F,MS,Spring,19,2020,1,1,T2,R,Jan,18-24,Pakistan,30.3753,69.3451,Asia
3,P,French,M,MS,Spring,20,2020,1,2,T3,R,Jan,18-24,Pakistan,30.3753,69.3451,Asia
4,D,Arabic,F,BS,Fall,18,2020,2,2,T2,P,Feb,18-24,Pakistan,30.3753,69.3451,Asia
5,P,Arabic,F,BS,Fall,30,2020,3,3,T1,P,Mar,25-30,Pakistan,30.3753,69.3451,Asia
6,D,French,M,BS,Spring,35,2020,3,3,T5,R,Mar,30-35,Pakistan,30.3753,69.3451,Asia
7,P,English,M,PHD,Fall,26,2020,4,2,T4,A,Apr,25-30,Pakistan,30.3753,69.3451,Asia
8,P,English,F,PHD,Fall,27,2020,4,1,T4,A,Apr,25-30,Pakistan,30.3753,69.3451,Asia
9,A,Urdu,M,PHD,Spring,23,2021,5,2,T3,R,May,18-24,Pakistan,30.3753,69.3451,Asia
10,A,Arabic,F,BS,Fall,30,2021,5,1,T2,R,May,25-30,Pakistan,30.3753,69.3451,Asia
11,A,Arabic,M,BS,Spring,34,2021,6,2,T1,P,Jun,30-35,Pakistan,30.3753,69.3451,Asia
12,A,Arabic,M,BS,Fall,29,2021,7,3,T1,A,Jul,25-30,Pakistan,30.3753,69.3451,Asia
13,D,Arabic,F,MS,Fall,30,2021,7,3,T2,R,Jul,25-30,Pakistan,30.3753,69.3451,Asia
14,P,Arabic,F,BS,Fall,21,2021,8,1,T3,R,Aug,18-24,Saudi Arabia,23.885942,45.079162,M.E
15,P,French,F,BS,Spring,35,2021,8,2,T2,A,Aug,30-35,Saudi Arabia,23.885942,45.079162,M.E
16,D,French,M,MS,Fall,38,2020,8,1,T1,R,Aug,35-40,Saudi Arabia,23.885942,45.079162,M.E
17,P,French,M,MS,Fall,37,2020,9,2,T5,A,Sep,35-40,Saudi Arabia,23.885942,45.079162,M.E
18,D,French,M,BS,Spring,21,2021,9,2,T4,R,Sep,18-24,Saudi Arabia,23.885942,45.079162,M.E
19,A,French,F,BS,Fall,20,2020,10,2,T4,R,Oct,18-24,Saudi Arabia,23.885942,45.079162,M.E
20,A,French,M,BS,Spring,36,2020,10,3,T3,R,Oct,35-40,Saudi Arabia,23.885942,45.079162,M.E
21,A,Urdu,M,BS,Spring,18,2020,11,3,T2,P,Nov,18-24,Saudi Arabia,23.885942,45.079162,M.E
22,A,Urdu,F,MS,Spring,34,2020,11,1,T1,A,Nov,30-35,Saudi Arabia,23.885942,45.079162,M.E
23,P,Urdu,F,MS,Spring,26,2020,12,1,T1,R,Dec,25-30,Saudi Arabia,23.885942,45.079162,M.E
24,D,Urdu,F,BS,Fall,19,2020,12,2,T2,A,Dec,18-24,Bangladesh,23.685,90.3563,Asia
25,P,Urdu,M,BS,Fall,20,2020,1,3,T3,A,Jan,18-24,Bangladesh,23.685,90.3563,Asia
26,D,English,M,BS,Spring,21,2020,1,3,T2,P,Jan,18-24,Bangladesh,23.685,90.3563,Asia
27,P,English,M,PHD,Fall,22,2020,1,1,T1,P,Jan,18-24,Bangladesh,23.685,90.3563,Asia
28,P,English,F,PHD,Fall,23,2020,2,2,T5,A,Feb,18-24,Turkey,38.9637,35.2433,Europe
29,A,English,M,PHD,Spring,24,2020,2,3,T4,R,Feb,18-24,Turkey,38.9637,35.2433,Europe
30,A,English,F,BS,Fall,25,2020,2,1,T4,R,Feb,18-24,Turkey,38.9637,35.2433,Europe
31,A,Arabic,M,BS,Spring,26,2020,3,1,T3,A,Mar,25-30,Turkey,38.9637,35.2433,Europe
32,A,Arabic,M,BS,Fall,27,2020,3,3,T2,R,Mar,25-30,Turkey,38.9637,35.2433,Europe
33,D,Arabic,F,MS,Fall,28,2020,3,2,T1,P,Mar,25-30,Turkey,38.9637,35.2433,Europe
34,P,Arabic,F,BS,Fall,29,2020,4,1,T1,P,Apr,25-30,Turkey,38.9637,35.2433,Europe
35,P,Arabic,F,BS,Spring,30,2020,4,3,T2,A,Apr,25-30,Turkey,38.9637,35.2433,Europe
36,D,Arabic,M,MS,Fall,31,2020,4,2,T3,R,Apr,30-35,Turkey,38.9637,35.2433,Europe
37,P,French,M,MS,Fall,32,2020,5,1,T2,R,May,30-35,Turkey,38.9637,35.2433,Europe
38,D,French,M,BS,Spring,33,2020,5,1,T1,A,May,30-35,Turkey,38.9637,35.2433,Europe
39,A,French,F,BS,Fall,34,2020,5,1,T5,R,May,30-35,Egypt,26.820553,30.802498,M.E
40,A,French,M,BS,Spring,24,2020,6,1,T4,A,Jun,18-24,Egypt,26.820553,30.802498,M.E
41,A,French,M,BS,Spring,18,2020,6,2,T4,R,Jun,18-24,Egypt,26.820553,30.802498,M.E
42,A,French,F,MS,Spring,28,2020,6,3,T3,R,Jun,25-30,Egypt,26.820553,30.802498,M.E
43,P,French,F,MS,Spring,18,2020,7,3,T2,P,Jul,18-24,Egypt,26.820553,30.802498,M.E
44,D,French,F,BS,Fall,19,2020,7,3,T1,A,Jul,18-24,Egypt,26.820553,30.802498,M.E
45,P,French,M,BS,Fall,20,2020,7,3,T1,R,Jul,18-24,Egypt,26.820553,30.802498,M.E
46,D,French,M,BS,Spring,21,2020,8,1,T2,R,Aug,18-24,Egypt,26.820553,30.802498,M.E
47,P,Urdu,M,PHD,Fall,22,2020,8,2,T3,A,Aug,18-24,Nigeria,9.082,8.6753,Africa
48,P,Urdu,F,PHD,Fall,23,2020,8,3,T2,P,Aug,18-24,Nigeria,9.082,8.6753,Africa
49,A,Urdu,M,PHD,Spring,24,2020,9,1,T1,P,Sep,18-24,Nigeria,9.082,8.6753,Africa
50,A,English,F,BS,Fall,25,2020,9,2,T5,A,Sep,18-24,Nigeria,9.082,8.6753,Africa
51,A,English,M,BS,Spring,18,2020,1,1,T1,R,Jan,18-24,Pakistan,30.3753,69.3451,Asia
52,A,Urdu,F,MS,Spring,19,2020,1,1,T2,R,Jan,18-24,Pakistan,30.3753,69.3451,Asia
53,P,French,M,MS,Spring,20,2020,1,2,T3,R,Jan,18-24,Pakistan,30.3753,69.3451,Asia
54,D,Arabic,F,BS,Fall,18,2021,2,2,T2,P,Feb,18-24,Pakistan,30.3753,69.3451,Asia
55,P,Arabic,F,BS,Fall,30,2020,3,3,T1,P,Mar,25-30,Pakistan,30.3753,69.3451,Asia
56,D,French,M,BS,Spring,35,2020,3,3,T5,R,Mar,30-35,Pakistan,30.3753,69.3451,Asia
57,P,English,M,PHD,Fall,26,2020,4,2,T4,A,Apr,25-30,Pakistan,30.3753,69.3451,Asia
58,P,English,F,PHD,Fall,27,2020,4,1,T4,A,Apr,25-30,Pakistan,30.3753,69.3451,Asia
59,A,Urdu,M,PHD,Spring,23,2021,5,2,T3,R,May,18-24,Pakistan,30.3753,69.3451,Asia
60,A,Arabic,F,BS,Fall,30,2021,5,1,T2,R,May,25-30,Pakistan,30.3753,69.3451,Asia
61,A,Arabic,M,BS,Spring,34,2021,6,2,T1,P,Jun,30-35,Pakistan,30.3753,69.3451,Asia
62,A,Arabic,M,BS,Fall,29,2020,7,3,T1,A,Jul,25-30,Pakistan,30.3753,69.3451,Asia
63,D,Arabic,F,MS,Fall,30,2021,7,3,T2,R,Jul,25-30,Pakistan,30.3753,69.3451,Asia
64,P,Arabic,F,BS,Fall,21,2021,8,1,T3,R,Aug,18-24,Saudi Arabia,23.885942,45.079162,M.E
65,P,French,F,BS,Spring,35,2020,8,2,T2,A,Aug,30-35,Saudi Arabia,23.885942,45.079162,M.E
66,D,French,M,MS,Fall,38,2020,8,1,T1,R,Aug,35-40,Saudi Arabia,23.885942,45.079162,M.E
67,P,French,M,MS,Fall,37,2020,9,2,T5,A,Sep,35-40,Saudi Arabia,23.885942,45.079162,M.E
68,D,French,M,BS,Spring,21,2021,9,2,T4,R,Sep,18-24,Saudi Arabia,23.885942,45.079162,M.E
69,A,French,F,BS,Fall,20,2020,10,2,T4,R,Oct,18-24,Saudi Arabia,23.885942,45.079162,M.E
70,A,French,M,BS,Spring,36,2021,10,3,T3,R,Oct,35-40,Saudi Arabia,23.885942,45.079162,M.E
71,A,Urdu,M,BS,Spring,18,2021,11,3,T2,P,Nov,18-24,Saudi Arabia,23.885942,45.079162,M.E
72,A,Urdu,F,MS,Spring,34,2021,11,1,T1,A,Nov,30-35,Saudi Arabia,23.885942,45.079162,M.E
73,P,Urdu,F,MS,Spring,26,2021,12,1,T1,R,Dec,25-30,Saudi Arabia,23.885942,45.079162,M.E
74,D,Urdu,F,BS,Fall,19,2021,12,2,T2,A,Dec,18-24,Bangladesh,23.685,90.3563,Asia
75,P,Urdu,M,BS,Fall,20,2021,1,3,T3,A,Jan,18-24,Bangladesh,23.685,90.3563,Asia
76,D,English,M,BS,Spring,21,2021,1,3,T2,P,Jan,18-24,Bangladesh,23.685,90.3563,Asia
77,P,English,M,PHD,Fall,22,2021,1,1,T1,P,Jan,18-24,Bangladesh,23.685,90.3563,Asia
78,P,English,F,PHD,Fall,23,2021,2,2,T5,A,Feb,18-24,Turkey,38.9637,35.2433,Europe
79,A,English,M,PHD,Spring,24,2021,2,3,T4,R,Feb,18-24,Turkey,38.9637,35.2433,Europe
80,A,English,F,BS,Fall,25,2021,2,1,T4,R,Feb,18-24,Turkey,38.9637,35.2433,Europe
81,A,Arabic,M,BS,Spring,26,2021,3,1,T3,A,Mar,25-30,Turkey,38.9637,35.2433,Europe
82,A,Arabic,M,BS,Fall,27,2021,3,3,T2,R,Mar,25-30,Turkey,38.9637,35.2433,Europe
83,D,Arabic,F,MS,Fall,28,2021,3,2,T1,P,Mar,25-30,Turkey,38.9637,35.2433,Europe
84,P,Arabic,F,BS,Fall,29,2021,4,1,T1,P,Apr,25-30,Turkey,38.9637,35.2433,Europe
85,P,Arabic,F,BS,Spring,30,2021,4,3,T2,A,Apr,25-30,Turkey,38.9637,35.2433,Europe
86,D,Arabic,M,MS,Fall,31,2021,4,2,T3,R,Apr,30-35,Turkey,38.9637,35.2433,Europe
87,P,French,M,MS,Fall,32,2021,5,1,T2,R,May,30-35,Turkey,38.9637,35.2433,Europe
88,D,French,M,BS,Spring,33,2021,5,1,T1,A,May,30-35,Turkey,38.9637,35.2433,Europe
89,A,French,F,BS,Fall,34,2021,5,1,T5,R,May,30-35,Egypt,26.820553,30.802498,M.E
90,A,French,M,BS,Spring,24,2021,6,1,T4,A,Jun,18-24,Egypt,26.820553,30.802498,M.E
91,A,French,M,BS,Spring,18,2021,6,2,T4,R,Jun,18-24,Egypt,26.820553,30.802498,M.E
92,A,French,F,MS,Spring,28,2021,6,3,T3,R,Jun,25-30,Egypt,26.820553,30.802498,M.E
93,P,French,F,MS,Spring,18,2020,7,3,T2,P,Jul,18-24,Egypt,26.820553,30.802498,M.E
94,D,French,F,BS,Fall,19,2020,7,3,T1,A,Jul,18-24,Egypt,26.820553,30.802498,M.E
95,P,French,M,BS,Fall,20,2020,7,3,T1,R,Jul,18-24,Egypt,26.820553,30.802498,M.E
96,D,French,M,BS,Spring,21,2020,8,1,T2,R,Aug,18-24,Egypt,26.820553,30.802498,M.E
97,P,Urdu,M,PHD,Fall,22,2020,8,2,T3,A,Aug,18-24,Nigeria,9.082,8.6753,Africa
98,P,Urdu,F,PHD,Fall,23,2020,8,3,T2,P,Aug,18-24,Nigeria,9.082,8.6753,Africa
99,A,Urdu,M,PHD,Spring,24,2020,9,1,T1,P,Sep,18-24,Nigeria,9.082,8.6753,Africa
100,A,English,F,BS,Fall,25,2020,9,2,T5,A,Sep,18-24,Nigeria,9.082,8.6753,Africa
101,A,English,M,BS,Spring,18,2020,1,1,T1,R,Jan,18-24,Pakistan,30.3753,69.3451,Asia
102,A,Urdu,F,MS,Spring,19,2020,1,1,T2,R,Jan,18-24,Pakistan,30.3753,69.3451,Asia
103,P,French,M,MS,Spring,20,2020,1,2,T3,R,Jan,18-24,Pakistan,30.3753,69.3451,Asia
104,D,Arabic,F,BS,Fall,18,2020,2,2,T2,P,Feb,18-24,Pakistan,30.3753,69.3451,Asia
105,P,Arabic,F,BS,Fall,30,2020,3,3,T1,P,Mar,25-30,Pakistan,30.3753,69.3451,Asia
106,D,French,M,BS,Spring,35,2020,3,3,T5,R,Mar,30-35,Pakistan,30.3753,69.3451,Asia
107,P,English,M,PHD,Fall,26,2020,4,2,T4,A,Apr,25-30,Pakistan,30.3753,69.3451,Asia
108,P,English,F,PHD,Fall,27,2020,4,1,T4,A,Apr,25-30,Pakistan,30.3753,69.3451,Asia
109,A,Urdu,M,PHD,Spring,23,2021,5,2,T3,R,May,18-24,Pakistan,30.3753,69.3451,Asia
110,A,Arabic,F,BS,Fall,30,2021,5,1,T2,R,May,25-30,Pakistan,30.3753,69.3451,Asia
111,A,Arabic,M,BS,Spring,34,2021,6,2,T1,P,Jun,30-35,Pakistan,30.3753,69.3451,Asia
112,A,Arabic,M,BS,Fall,29,2021,7,3,T1,A,Jul,25-30,Pakistan,30.3753,69.3451,Asia
113,D,Arabic,F,MS,Fall,30,2021,7,3,T2,R,Jul,25-30,Pakistan,30.3753,69.3451,Asia
114,P,Arabic,F,BS,Fall,21,2021,8,1,T3,R,Aug,18-24,Saudi Arabia,23.885942,45.079162,M.E
115,P,French,F,BS,Spring,35,2021,8,2,T2,A,Aug,30-35,Saudi Arabia,23.885942,45.079162,M.E
116,D,French,M,MS,Fall,38,2020,8,1,T1,R,Aug,35-40,Saudi Arabia,23.885942,45.079162,M.E
117,P,French,M,MS,Fall,37,2020,9,2,T5,A,Sep,35-40,Saudi Arabia,23.885942,45.079162,M.E
118,D,French,M,BS,Spring,21,2021,9,2,T4,R,Sep,18-24,Saudi Arabia,23.885942,45.079162,M.E
119,A,French,F,BS,Fall,20,2020,10,2,T4,R,Oct,18-24,Saudi Arabia,23.885942,45.079162,M.E
120,A,French,M,BS,Spring,36,2020,10,3,T3,R,Oct,35-40,Saudi Arabia,23.885942,45.079162,M.E
121,A,Urdu,M,BS,Spring,18,2020,11,3,T2,P,Nov,18-24,Saudi Arabia,23.885942,45.079162,M.E
122,A,Urdu,F,MS,Spring,34,2020,11,1,T1,A,Nov,30-35,Saudi Arabia,23.885942,45.079162,M.E
123,P,Urdu,F,MS,Spring,26,2020,12,1,T1,R,Dec,25-30,Saudi Arabia,23.885942,45.079162,M.E
124,D,Urdu,F,BS,Fall,19,2020,12,2,T2,A,Dec,18-24,Bangladesh,23.685,90.3563,Asia
125,P,Urdu,M,BS,Fall,20,2020,1,3,T3,A,Jan,18-24,Bangladesh,23.685,90.3563,Asia
126,D,English,M,BS,Spring,21,2020,1,3,T2,P,Jan,18-24,Bangladesh,23.685,90.3563,Asia
127,P,English,M,PHD,Fall,22,2020,1,1,T1,P,Jan,18-24,Bangladesh,23.685,90.3563,Asia
128,P,English,F,PHD,Fall,23,2020,2,2,T5,A,Feb,18-24,Turkey,38.9637,35.2433,Europe
129,A,English,M,PHD,Spring,24,2020,2,3,T4,R,Feb,18-24,Turkey,38.9637,35.2433,Europe
130,A,English,F,BS,Fall,25,2020,2,1,T4,R,Feb,18-24,Turkey,38.9637,35.2433,Europe
131,A,Arabic,M,BS,Spring,26,2020,3,1,T3,A,Mar,25-30,Turkey,38.9637,35.2433,Europe
132,A,Arabic,M,BS,Fall,27,2020,3,3,T2,R,Mar,25-30,Turkey,38.9637,35.2433,Europe
133,D,Arabic,F,MS,Fall,28,2020,3,2,T1,P,Mar,25-30,Turkey,38.9637,35.2433,Europe
134,P,Arabic,F,BS,Fall,29,2020,4,1,T1,P,Apr,25-30,Turkey,38.9637,35.2433,Europe
135,P,Arabic,F,BS,Spring,30,2020,4,3,T2,A,Apr,25-30,Turkey,38.9637,35.2433,Europe
136,D,Arabic,M,MS,Fall,31,2020,4,2,T3,R,Apr,30-35,Turkey,38.9637,35.2433,Europe
137,P,French,M,MS,Fall,32,2020,5,1,T2,R,May,30-35,Turkey,38.9637,35.2433,Europe
138,D,French,M,BS,Spring,33,2020,5,1,T1,A,May,30-35,Turkey,38.9637,35.2433,Europe
139,A,French,F,BS,Fall,34,2020,5,1,T5,R,May,30-35,Egypt,26.820553,30.802498,M.E
140,A,French,M,BS,Spring,24,2020,6,1,T4,A,Jun,18-24,Egypt,26.820553,30.802498,M.E
141,A,French,M,BS,Spring,18,2020,6,2,T4,R,Jun,18-24,Egypt,26.820553,30.802498,M.E
142,A,French,F,MS,Spring,28,2020,6,3,T3,R,Jun,25-30,Egypt,26.820553,30.802498,M.E
143,P,French,F,MS,Spring,18,2020,7,3,T2,P,Jul,18-24,Egypt,26.820553,30.802498,M.E
144,D,French,F,BS,Fall,19,2020,7,3,T1,A,Jul,18-24,Egypt,26.820553,30.802498,M.E
145,P,French,M,BS,Fall,20,2020,7,3,T1,R,Jul,18-24,Egypt,26.820553,30.802498,M.E
146,D,French,M,BS,Spring,21,2020,8,1,T2,R,Aug,18-24,Egypt,26.820553,30.802498,M.E
147,P,Urdu,M,PHD,Fall,22,2020,8,2,T3,A,Aug,18-24,Nigeria,9.082,8.6753,Africa
148,P,Urdu,F,PHD,Fall,23,2020,8,3,T2,P,Aug,18-24,Nigeria,9.082,8.6753,Africa
149,A,Urdu,M,PHD,Spring,24,2020,9,1,T1,P,Sep,18-24,Nigeria,9.082,8.6753,Africa
150,A,English,F,BS,Fall,25,2020,9,2,T5,A,Sep,18-24,Nigeria,9.082,8.6753,Africa
151,A,English,M,BS,Spring,18,2020,1,1,T1,R,Jan,18-24,Pakistan,30.3753,69.3451,Asia
152,A,Urdu,F,MS,Spring,19,2020,1,1,T2,R,Jan,18-24,Pakistan,30.3753,69.3451,Asia
153,P,French,M,MS,Spring,20,2020,1,2,T3,R,Jan,18-24,Pakistan,30.3753,69.3451,Asia
154,D,Arabic,F,BS,Fall,18,2021,2,2,T2,P,Feb,18-24,Pakistan,30.3753,69.3451,Asia
155,P,Arabic,F,BS,Fall,30,2020,3,3,T1,P,Mar,25-30,Pakistan,30.3753,69.3451,Asia
156,D,French,M,BS,Spring,35,2020,3,3,T5,R,Mar,30-35,Pakistan,30.3753,69.3451,Asia
157,P,English,M,PHD,Fall,26,2020,4,2,T4,A,Apr,25-30,Pakistan,30.3753,69.3451,Asia
158,P,English,F,PHD,Fall,27,2020,4,1,T4,A,Apr,25-30,Pakistan,30.3753,69.3451,Asia
159,A,Urdu,M,PHD,Spring,23,2021,5,2,T3,R,May,18-24,Pakistan,30.3753,69.3451,Asia
160,A,Arabic,F,BS,Fall,30,2021,5,1,T2,R,May,25-30,Pakistan,30.3753,69.3451,Asia
161,A,Arabic,M,BS,Spring,34,2021,6,2,T1,P,Jun,30-35,Pakistan,30.3753,69.3451,Asia
162,A,Arabic,M,BS,Fall,29,2020,7,3,T1,A,Jul,25-30,Pakistan,30.3753,69.3451,Asia
163,D,Arabic,F,MS,Fall,30,2021,7,3,T2,R,Jul,25-30,Pakistan,30.3753,69.3451,Asia
164,P,Arabic,F,BS,Fall,21,2021,8,1,T3,R,Aug,18-24,Saudi Arabia,23.885942,45.079162,M.E
165,P,French,F,BS,Spring,35,2020,8,2,T2,A,Aug,30-35,Saudi Arabia,23.885942,45.079162,M.E
166,D,French,M,MS,Fall,38,2020,8,1,T1,R,Aug,35-40,Saudi Arabia,23.885942,45.079162,M.E
167,P,French,M,MS,Fall,37,2020,9,2,T5,A,Sep,35-40,Saudi Arabia,23.885942,45.079162,M.E
168,D,French,M,BS,Spring,21,2021,9,2,T4,R,Sep,18-24,Saudi Arabia,23.885942,45.079162,M.E
169,A,French,F,BS,Fall,20,2020,10,2,T4,R,Oct,18-24,Saudi Arabia,23.885942,45.079162,M.E
170,A,French,M,BS,Spring,36,2021,10,3,T3,R,Oct,35-40,Saudi Arabia,23.885942,45.079162,M.E
171,A,Urdu,M,BS,Spring,18,2021,11,3,T2,P,Nov,18-24,Saudi Arabia,23.885942,45.079162,M.E
172,A,Urdu,F,MS,Spring,34,2021,11,1,T1,A,Nov,30-35,Saudi Arabia,23.885942,45.079162,M.E
173,P,Urdu,F,MS,Spring,26,2021,12,1,T1,R,Dec,25-30,Saudi Arabia,23.885942,45.079162,M.E
174,D,Urdu,F,BS,Fall,19,2021,12,2,T2,A,Dec,18-24,Bangladesh,23.685,90.3563,Asia
175,P,Urdu,M,BS,Fall,20,2021,1,3,T3,A,Jan,18-24,Bangladesh,23.685,90.3563,Asia
176,D,English,M,BS,Spring,21,2021,1,3,T2,P,Jan,18-24,Bangladesh,23.685,90.3563,Asia
177,P,English,M,PHD,Fall,22,2021,1,1,T1,P,Jan,18-24,Bangladesh,23.685,90.3563,Asia
178,P,English,F,PHD,Fall,23,2021,2,2,T5,A,Feb,18-24,Turkey,38.9637,35.2433,Europe
179,A,English,M,PHD,Spring,24,2021,2,3,T4,R,Feb,18-24,Turkey,38.9637,35.2433,Europe
180,A,English,F,BS,Fall,25,2021,2,1,T4,R,Feb,18-24,Turkey,38.9637,35.2433,Europe
181,A,Arabic,M,BS,Spring,26,2021,3,1,T3,A,Mar,25-30,Turkey,38.9637,35.2433,Europe
182,A,Arabic,M,BS,Fall,27,2021,3,3,T2,R,Mar,25-30,Turkey,38.9637,35.2433,Europe
183,D,Arabic,F,MS,Fall,28,2021,3,2,T1,P,Mar,25-30,Turkey,38.9637,35.2433,Europe
184,P,Arabic,F,BS,Fall,29,2021,4,1,T1,P,Apr,25-30,Turkey,38.9637,35.2433,Europe
185,P,Arabic,F,BS,Spring,30,2021,4,3,T2,A,Apr,25-30,Turkey,38.9637,35.2433,Europe
186,D,Arabic,M,MS,Fall,31,2021,4,2,T3,R,Apr,30-35,Turkey,38.9637,35.2433,Europe
187,P,French,M,MS,Fall,32,2021,5,1,T2,R,May,30-35,Turkey,38.9637,35.2433,Europe
188,D,French,M,BS,Spring,33,2021,5,1,T1,A,May,30-35,Turkey,38.9637,35.2433,Europe
189,A,French,F,BS,Fall,34,2021,5,1,T5,R,May,30-35,Egypt,26.820553,30.802498,M.E
190,A,French,M,BS,Spring,24,2021,6,1,T4,A,Jun,18-24,Egypt,26.820553,30.802498,M.E
191,A,French,M,BS,Spring,18,2021,6,2,T4,R,Jun,18-24,Egypt,26.820553,30.802498,M.E
192,A,French,F,MS,Spring,28,2021,6,3,T3,R,Jun,25-30,Egypt,26.820553,30.802498,M.E
193,P,French,F,MS,Spring,18,2020,7,3,T2,P,Jul,18-24,Egypt,26.820553,30.802498,M.E
194,D,French,F,BS,Fall,19,2020,7,3,T1,A,Jul,18-24,Egypt,26.820553,30.802498,M.E
195,P,French,M,BS,Fall,20,2020,7,3,T1,R,Jul,18-24,Egypt,26.820553,30.802498,M.E
196,D,French,M,BS,Spring,21,2020,8,1,T2,R,Aug,18-24,Egypt,26.820553,30.802498,M.E
197,P,Urdu,M,PHD,Fall,22,2020,8,2,T3,A,Aug,18-24,Nigeria,9.082,8.6753,Africa
198,P,Urdu,F,PHD,Fall,23,2020,8,3,T2,P,Aug,18-24,Nigeria,9.082,8.6753,Africa
199,A,Urdu,M,PHD,Spring,24,2020,9,1,T1,P,Sep,18-24,Nigeria,9.082,8.6753,Africa
200,A,English,F,BS,Fall,25,2020,9,2,T5,A,Sep,18-24,Nigeria,9.082,8.6753,Africa
201,A,English,M,BS,Spring,18,2020,1,1,T1,R,Jan,18-24,Pakistan,30.3753,69.3451,Asia
202,A,Urdu,F,MS,Spring,19,2020,1,1,T2,R,Jan,18-24,Pakistan,30.3753,69.3451,Asia
203,P,French,M,MS,Spring,20,2020,1,2,T3,R,Jan,18-24,Pakistan,30.3753,69.3451,Asia
204,D,Arabic,F,BS,Fall,18,2020,2,2,T2,P,Feb,18-24,Pakistan,30.3753,69.3451,Asia
205,P,Arabic,F,BS,Fall,30,2020,3,3,T1,P,Mar,25-30,Pakistan,30.3753,69.3451,Asia
206,D,French,M,BS,Spring,35,2020,3,3,T5,R,Mar,30-35,Pakistan,30.3753,69.3451,Asia
207,P,English,M,PHD,Fall,26,2020,4,2,T4,A,Apr,25-30,Pakistan,30.3753,69.3451,Asia
208,P,English,F,PHD,Fall,27,2020,4,1,T4,A,Apr,25-30,Pakistan,30.3753,69.3451,Asia
209,A,Urdu,M,PHD,Spring,23,2021,5,2,T3,R,May,18-24,Pakistan,30.3753,69.3451,Asia
210,A,Arabic,F,BS,Fall,30,2021,5,1,T2,R,May,25-30,Pakistan,30.3753,69.3451,Asia
211,A,Arabic,M,BS,Spring,34,2021,6,2,T1,P,Jun,30-35,Pakistan,30.3753,69.3451,Asia
212,A,Arabic,M,BS,Fall,29,2021,7,3,T1,A,Jul,25-30,Pakistan,30.3753,69.3451,Asia
213,D,Arabic,F,MS,Fall,30,2021,7,3,T2,R,Jul,25-30,Pakistan,30.3753,69.3451,Asia
214,P,Arabic,F,BS,Fall,21,2021,8,1,T3,R,Aug,18-24,Saudi Arabia,23.885942,45.079162,M.E
215,P,French,F,BS,Spring,35,2021,8,2,T2,A,Aug,30-35,Saudi Arabia,23.885942,45.079162,M.E
216,D,French,M,MS,Fall,38,2020,8,1,T1,R,Aug,35-40,Saudi Arabia,23.885942,45.079162,M.E
217,P,French,M,MS,Fall,37,2020,9,2,T5,A,Sep,35-40,Saudi Arabia,23.885942,45.079162,M.E
218,D,French,M,BS,Spring,21,2021,9,2,T4,R,Sep,18-24,Saudi Arabia,23.885942,45.079162,M.E
219,A,French,F,BS,Fall,20,2020,10,2,T4,R,Oct,18-24,Saudi Arabia,23.885942,45.079162,M.E
220,A,French,M,BS,Spring,36,2020,10,3,T3,R,Oct,35-40,Saudi Arabia,23.885942,45.079162,M.E
221,A,Urdu,M,BS,Spring,18,2020,11,3,T2,P,Nov,18-24,Saudi Arabia,23.885942,45.079162,M.E
222,A,Urdu,F,MS,Spring,34,2020,11,1,T1,A,Nov,30-35,Saudi Arabia,23.885942,45.079162,M.E
223,P,Urdu,F,MS,Spring,26,2020,12,1,T1,R,Dec,25-30,Saudi Arabia,23.885942,45.079162,M.E
224,D,Urdu,F,BS,Fall,19,2020,12,2,T2,A,Dec,18-24,Bangladesh,23.685,90.3563,Asia
225,P,Urdu,M,BS,Fall,20,2020,1,3,T3,A,Jan,18-24,Bangladesh,23.685,90.3563,Asia
226,D,English,M,BS,Spring,21,2020,1,3,T2,P,Jan,18-24,Bangladesh,23.685,90.3563,Asia
227,P,English,M,PHD,Fall,22,2020,1,1,T1,P,Jan,18-24,Bangladesh,23.685,90.3563,Asia
228,P,English,F,PHD,Fall,23,2020,2,2,T5,A,Feb,18-24,Turkey,38.9637,35.2433,Europe
229,A,English,M,PHD,Spring,24,2020,2,3,T4,R,Feb,18-24,Turkey,38.9637,35.2433,Europe
230,A,English,F,BS,Fall,25,2020,2,1,T4,R,Feb,18-24,Turkey,38.9637,35.2433,Europe
231,A,Arabic,M,BS,Spring,26,2020,3,1,T3,A,Mar,25-30,Turkey,38.9637,35.2433,Europe
232,A,Arabic,M,BS,Fall,27,2020,3,3,T2,R,Mar,25-30,Turkey,38.9637,35.2433,Europe
233,D,Arabic,F,MS,Fall,28,2020,3,2,T1,P,Mar,25-30,Turkey,38.9637,35.2433,Europe
234,P,Arabic,F,BS,Fall,29,2020,4,1,T1,P,Apr,25-30,Turkey,38.9637,35.2433,Europe
235,P,Arabic,F,BS,Spring,30,2020,4,3,T2,A,Apr,25-30,Turkey,38.9637,35.2433,Europe
236,D,Arabic,M,MS,Fall,31,2020,4,2,T3,R,Apr,30-35,Turkey,38.9637,35.2433,Europe
237,P,French,M,MS,Fall,32,2020,5,1,T2,R,May,30-35,Turkey,38.9637,35.2433,Europe
238,D,French,M,BS,Spring,33,2020,5,1,T1,A,May,30-35,Turkey,38.9637,35.2433,Europe
239,A,French,F,BS,Fall,34,2020,5,1,T5,R,May,30-35,Egypt,26.820553,30.802498,M.E
240,A,French,M,BS,Spring,24,2020,6,1,T4,A,Jun,18-24,Egypt,26.820553,30.802498,M.E
241,A,French,M,BS,Spring,18,2020,6,2,T4,R,Jun,18-24,Egypt,26.820553,30.802498,M.E
242,A,French,F,MS,Spring,28,2020,6,3,T3,R,Jun,25-30,Egypt,26.820553,30.802498,M.E
243,P,French,F,MS,Spring,18,2020,7,3,T2,P,Jul,18-24,Egypt,26.820553,30.802498,M.E
244,D,French,F,BS,Fall,19,2020,7,3,T1,A,Jul,18-24,Egypt,26.820553,30.802498,M.E
245,P,French,M,BS,Fall,20,2020,7,3,T1,R,Jul,18-24,Egypt,26.820553,30.802498,M.E
246,D,French,M,BS,Spring,21,2020,8,1,T2,R,Aug,18-24,Egypt,26.820553,30.802498,M.E
247,P,Urdu,M,PHD,Fall,22,2020,8,2,T3,A,Aug,18-24,Nigeria,9.082,8.6753,Africa
248,P,Urdu,F,PHD,Fall,23,2020,8,3,T2,P,Aug,18-24,Nigeria,9.082,8.6753,Africa
249,A,Urdu,M,PHD,Spring,24,2020,9,1,T1,P,Sep,18-24,Nigeria,9.082,8.6753,Africa
250,A,English,F,BS,Fall,25,2020,9,2,T5,A,Sep,18-24,Nigeria,9.082,8.6753,Africa
251,A,English,M,BS,Spring,18,2020,1,1,T1,R,Jan,18-24,Pakistan,30.3753,69.3451,Asia
252,A,Urdu,F,MS,Spring,19,2020,1,1,T2,R,Jan,18-24,Pakistan,30.3753,69.3451,Asia
253,P,French,M,MS,Spring,20,2020,1,2,T3,R,Jan,18-24,Pakistan,30.3753,69.3451,Asia
254,D,Arabic,F,BS,Fall,18,2021,2,2,T2,P,Feb,18-24,Pakistan,30.3753,69.3451,Asia
255,P,Arabic,F,BS,Fall,30,2020,3,3,T1,P,Mar,25-30,Pakistan,30.3753,69.3451,Asia
256,D,French,M,BS,Spring,35,2020,3,3,T5,R,Mar,30-35,Pakistan,30.3753,69.3451,Asia
257,P,English,M,PHD,Fall,26,2020,4,2,T4,A,Apr,25-30,Pakistan,30.3753,69.3451,Asia
258,P,English,F,PHD,Fall,27,2020,4,1,T4,A,Apr,25-30,Pakistan,30.3753,69.3451,Asia
259,A,Urdu,M,PHD,Spring,23,2021,5,2,T3,R,May,18-24,Pakistan,30.3753,69.3451,Asia
260,A,Arabic,F,BS,Fall,30,2021,5,1,T2,R,May,25-30,Pakistan,30.3753,69.3451,Asia
261,A,Arabic,M,BS,Spring,34,2021,6,2,T1,P,Jun,30-35,Pakistan,30.3753,69.3451,Asia
262,A,Arabic,M,BS,Fall,29,2020,7,3,T1,A,Jul,25-30,Pakistan,30.3753,69.3451,Asia
263,D,Arabic,F,MS,Fall,30,2021,7,3,T2,R,Jul,25-30,Pakistan,30.3753,69.3451,Asia
264,P,Arabic,F,BS,Fall,21,2021,8,1,T3,R,Aug,18-24,Saudi Arabia,23.885942,45.079162,M.E
265,P,French,F,BS,Spring,35,2020,8,2,T2,A,Aug,30-35,Saudi Arabia,23.885942,45.079162,M.E
266,D,French,M,MS,Fall,38,2020,8,1,T1,R,Aug,35-40,Saudi Arabia,23.885942,45.079162,M.E
267,P,French,M,MS,Fall,37,2020,9,2,T5,A,Sep,35-40,Saudi Arabia,23.885942,45.079162,M.E
268,D,French,M,BS,Spring,21,2021,9,2,T4,R,Sep,18-24,Saudi Arabia,23.885942,45.079162,M.E
269,A,French,F,BS,Fall,20,2020,10,2,T4,R,Oct,18-24,Saudi Arabia,23.885942,45.079162,M.E
270,A,French,M,BS,Spring,36,2021,10,3,T3,R,Oct,35-40,Saudi Arabia,23.885942,45.079162,M.E
271,A,Urdu,M,BS,Spring,18,2021,11,3,T2,P,Nov,18-24,Saudi Arabia,23.885942,45.079162,M.E
272,A,Urdu,F,MS,Spring,34,2021,11,1,T1,A,Nov,30-35,Saudi Arabia,23.885942,45.079162,M.E
273,P,Urdu,F,MS,Spring,26,2021,12,1,T1,R,Dec,25-30,Saudi Arabia,23.885942,45.079162,M.E
274,D,Urdu,F,BS,Fall,19,2021,12,2,T2,A,Dec,18-24,Bangladesh,23.685,90.3563,Asia
275,P,Urdu,M,BS,Fall,20,2021,1,3,T3,A,Jan,18-24,Bangladesh,23.685,90.3563,Asia
276,D,English,M,BS,Spring,21,2021,1,3,T2,P,Jan,18-24,Bangladesh,23.685,90.3563,Asia
277,P,English,M,PHD,Fall,22,2021,1,1,T1,P,Jan,18-24,Bangladesh,23.685,90.3563,Asia
278,P,English,F,PHD,Fall,23,2021,2,2,T5,A,Feb,18-24,Turkey,38.9637,35.2433,Europe
279,A,English,M,PHD,Spring,24,2021,2,3,T4,R,Feb,18-24,Turkey,38.9637,35.2433,Europe
280,A,English,F,BS,Fall,25,2021,2,1,T4,R,Feb,18-24,Turkey,38.9637,35.2433,Europe
281,A,Arabic,M,BS,Spring,26,2021,3,1,T3,A,Mar,25-30,Turkey,38.9637,35.2433,Europe
282,A,Arabic,M,BS,Fall,27,2021,3,3,T2,R,Mar,25-30,Turkey,38.9637,35.2433,Europe
283,D,Arabic,F,MS,Fall,28,2021,3,2,T1,P,Mar,25-30,Turkey,38.9637,35.2433,Europe
284,P,Arabic,F,BS,Fall,29,2021,4,1,T1,P,Apr,25-30,Turkey,38.9637,35.2433,Europe
285,P,Arabic,F,BS,Spring,30,2021,4,3,T2,A,Apr,25-30,Turkey,38.9637,35.2433,Europe
286,D,Arabic,M,MS,Fall,31,2021,4,2,T3,R,Apr,30-35,Turkey,38.9637,35.2433,Europe
287,P,French,M,MS,Fall,32,2021,5,1,T2,R,May,30-35,Turkey,38.9637,35.2433,Europe
288,D,French,M,BS,Spring,33,2021,5,1,T1,A,May,30-35,Turkey,38.9637,35.2433,Europe
289,A,French,F,BS,Fall,34,2021,5,1,T5,R,May,30-35,Egypt,26.820553,30.802498,M.E
290,A,French,M,BS,Spring,24,2021,6,1,T4,A,Jun,18-24,Egypt,26.820553,30.802498,M.E
291,A,French,M,BS,Spring,18,2021,6,2,T4,R,Jun,18-24,Egypt,26.820553,30.802498,M.E
292,A,French,F,MS,Spring,28,2021,6,3,T3,R,Jun,25-30,Egypt,26.820553,30.802498,M.E
293,P,French,F,MS,Spring,18,2020,7,3,T2,P,Jul,18-24,Egypt,26.820553,30.802498,M.E
294,D,French,F,BS,Fall,19,2020,7,3,T1,A,Jul,18-24,Egypt,26.820553,30.802498,M.E
295,P,French,M,BS,Fall,20,2020,7,3,T1,R,Jul,18-24,Egypt,26.820553,30.802498,M.E
296,D,French,M,BS,Spring,21,2020,8,1,T2,R,Aug,18-24,Egypt,26.820553,30.802498,M.E
297,P,Urdu,M,PHD,Fall,22,2020,8,2,T3,A,Aug,18-24,Nigeria,9.082,8.6753,Africa
298,P,Urdu,F,PHD,Fall,23,2020,8,3,T2,P,Aug,18-24,Nigeria,9.082,8.6753,Africa
299,A,Urdu,M,PHD,Spring,24,2020,9,1,T1,P,Sep,18-24,Nigeria,9.082,8.6753,Africa
300,A,English,F,BS,Fall,25,2020,9,2,T5,A,Sep,18-24,Nigeria,9.082,8.6753,Africa
301,A,English,M,BS,Spring,18,2020,1,1,T1,R,Jan,18-24,Pakistan,30.3753,69.3451,Asia
302,A,Urdu,F,MS,Spring,19,2020,1,1,T2,R,Jan,18-24,Pakistan,30.3753,69.3451,Asia
303,P,French,M,MS,Spring,20,2020,1,2,T3,R,Jan,18-24,Pakistan,30.3753,69.3451,Asia
304,D,Arabic,F,BS,Fall,18,2020,2,2,T2,P,Feb,18-24,Pakistan,30.3753,69.3451,Asia
305,P,Arabic,F,BS,Fall,30,2020,3,3,T1,P,Mar,25-30,Pakistan,30.3753,69.3451,Asia
306,D,French,M,BS,Spring,35,2020,3,3,T5,R,Mar,30-35,Pakistan,30.3753,69.3451,Asia
307,P,English,M,PHD,Fall,26,2020,4,2,T4,A,Apr,25-30,Pakistan,30.3753,69.3451,Asia
308,P,English,F,PHD,Fall,27,2020,4,1,T4,A,Apr,25-30,Pakistan,30.3753,69.3451,Asia
309,A,Urdu,M,PHD,Spring,23,2021,5,2,T3,R,May,18-24,Pakistan,30.3753,69.3451,Asia
310,A,Arabic,F,BS,Fall,30,2021,5,1,T2,R,May,25-30,Pakistan,30.3753,69.3451,Asia
311,A,Arabic,M,BS,Spring,34,2021,6,2,T1,P,Jun,30-35,Pakistan,30.3753,69.3451,Asia
312,A,Arabic,M,BS,Fall,29,2021,7,3,T1,A,Jul,25-30,Pakistan,30.3753,69.3451,Asia
313,D,Arabic,F,MS,Fall,30,2021,7,3,T2,R,Jul,25-30,Pakistan,30.3753,69.3451,Asia
314,P,Arabic,F,BS,Fall,21,2021,8,1,T3,R,Aug,18-24,Saudi Arabia,23.885942,45.079162,M.E
315,P,French,F,BS,Spring,35,2021,8,2,T2,A,Aug,30-35,Saudi Arabia,23.885942,45.079162,M.E
316,D,French,M,MS,Fall,38,2020,8,1,T1,R,Aug,35-40,Saudi Arabia,23.885942,45.079162,M.E
317,P,French,M,MS,Fall,37,2020,9,2,T5,A,Sep,35-40,Saudi Arabia,23.885942,45.079162,M.E
318,D,French,M,BS,Spring,21,2021,9,2,T4,R,Sep,18-24,Saudi Arabia,23.885942,45.079162,M.E
319,A,French,F,BS,Fall,20,2020,10,2,T4,R,Oct,18-24,Saudi Arabia,23.885942,45.079162,M.E
320,A,French,M,BS,Spring,36,2020,10,3,T3,R,Oct,35-40,Saudi Arabia,23.885942,45.079162,M.E
321,A,Urdu,M,BS,Spring,18,2020,11,3,T2,P,Nov,18-24,Saudi Arabia,23.885942,45.079162,M.E
322,A,Urdu,F,MS,Spring,34,2020,11,1,T1,A,Nov,30-35,Saudi Arabia,23.885942,45.079162,M.E
323,P,Urdu,F,MS,Spring,26,2020,12,1,T1,R,Dec,25-30,Saudi Arabia,23.885942,45.079162,M.E
324,D,Urdu,F,BS,Fall,19,2020,12,2,T2,A,Dec,18-24,Bangladesh,23.685,90.3563,Asia
325,P,Urdu,M,BS,Fall,20,2020,1,3,T3,A,Jan,18-24,Bangladesh,23.685,90.3563,Asia
326,D,English,M,BS,Spring,21,2020,1,3,T2,P,Jan,18-24,Bangladesh,23.685,90.3563,Asia
327,P,English,M,PHD,Fall,22,2020,1,1,T1,P,Jan,18-24,Bangladesh,23.685,90.3563,Asia
328,P,English,F,PHD,Fall,23,2020,2,2,T5,A,Feb,18-24,Turkey,38.9637,35.2433,Europe
329,A,English,M,PHD,Spring,24,2020,2,3,T4,R,Feb,18-24,Turkey,38.9637,35.2433,Europe
330,A,English,F,BS,Fall,25,2020,2,1,T4,R,Feb,18-24,Turkey,38.9637,35.2433,Europe
331,A,Arabic,M,BS,Spring,26,2020,3,1,T3,A,Mar,25-30,Turkey,38.9637,35.2433,Europe
332,A,Arabic,M,BS,Fall,27,2020,3,3,T2,R,Mar,25-30,Turkey,38.9637,35.2433,Europe
333,D,Arabic,F,MS,Fall,28,2020,3,2,T1,P,Mar,25-30,Turkey,38.9637,35.2433,Europe
334,P,Arabic,F,BS,Fall,29,2020,4,1,T1,P,Apr,25-30,Turkey,38.9637,35.2433,Europe
335,P,Arabic,F,BS,Spring,30,2020,4,3,T2,A,Apr,25-30,Turkey,38.9637,35.2433,Europe
336,D,Arabic,M,MS,Fall,31,2020,4,2,T3,R,Apr,30-35,Turkey,38.9637,35.2433,Europe
337,P,French,M,MS,Fall,32,2020,5,1,T2,R,May,30-35,Turkey,38.9637,35.2433,Europe
338,D,French,M,BS,Spring,33,2020,5,1,T1,A,May,30-35,Turkey,38.9637,35.2433,Europe
339,A,French,F,BS,Fall,34,2020,5,1,T5,R,May,30-35,Egypt,26.820553,30.802498,M.E
340,A,French,M,BS,Spring,24,2020,6,1,T4,A,Jun,18-24,Egypt,26.820553,30.802498,M.E
341,A,French,M,BS,Spring,18,2020,6,2,T4,R,Jun,18-24,Egypt,26.820553,30.802498,M.E
342,A,French,F,MS,Spring,28,2020,6,3,T3,R,Jun,25-30,Egypt,26.820553,30.802498,M.E
343,P,French,F,MS,Spring,18,2020,7,3,T2,P,Jul,18-24,Egypt,26.820553,30.802498,M.E
344,D,French,F,BS,Fall,19,2020,7,3,T1,A,Jul,18-24,Egypt,26.820553,30.802498,M.E
345,P,French,M,BS,Fall,20,2020,7,3,T1,R,Jul,18-24,Egypt,26.820553,30.802498,M.E
346,D,French,M,BS,Spring,21,2020,8,1,T2,R,Aug,18-24,Egypt,26.820553,30.802498,M.E
347,P,Urdu,M,PHD,Fall,22,2020,8,2,T3,A,Aug,18-24,Nigeria,9.082,8.6753,Africa
348,P,Urdu,F,PHD,Fall,23,2020,8,3,T2,P,Aug,18-24,Nigeria,9.082,8.6753,Africa
349,A,Urdu,M,PHD,Spring,24,2020,9,1,T1,P,Sep,18-24,Nigeria,9.082,8.6753,Africa
350,A,English,F,BS,Fall,25,2020,9,2,T5,A,Sep,18-24,Nigeria,9.082,8.6753,Africa
351,A,English,M,BS,Spring,18,2020,1,1,T1,R,Jan,18-24,Pakistan,30.3753,69.3451,Asia
352,A,Urdu,F,MS,Spring,19,2020,1,1,T2,R,Jan,18-24,Pakistan,30.3753,69.3451,Asia
353,P,French,M,MS,Spring,20,2020,1,2,T3,R,Jan,18-24,Pakistan,30.3753,69.3451,Asia
354,D,Arabic,F,BS,Fall,18,2021,2,2,T2,P,Feb,18-24,Pakistan,30.3753,69.3451,Asia
355,P,Arabic,F,BS,Fall,30,2020,3,3,T1,P,Mar,25-30,Pakistan,30.3753,69.3451,Asia
356,D,French,M,BS,Spring,35,2020,3,3,T5,R,Mar,30-35,Pakistan,30.3753,69.3451,Asia
357,P,English,M,PHD,Fall,26,2020,4,2,T4,A,Apr,25-30,Pakistan,30.3753,69.3451,Asia
358,P,English,F,PHD,Fall,27,2020,4,1,T4,A,Apr,25-30,Pakistan,30.3753,69.3451,Asia
359,A,Urdu,M,PHD,Spring,23,2021,5,2,T3,R,May,18-24,Pakistan,30.3753,69.3451,Asia
360,A,Arabic,F,BS,Fall,30,2021,5,1,T2,R,May,25-30,Pakistan,30.3753,69.3451,Asia
361,A,Arabic,M,BS,Spring,34,2021,6,2,T1,P,Jun,30-35,Pakistan,30.3753,69.3451,Asia
362,A,Arabic,M,BS,Fall,29,2020,7,3,T1,A,Jul,25-30,Pakistan,30.3753,69.3451,Asia
363,D,Arabic,F,MS,Fall,30,2021,7,3,T2,R,Jul,25-30,Pakistan,30.3753,69.3451,Asia
364,P,Arabic,F,BS,Fall,21,2021,8,1,T3,R,Aug,18-24,Saudi Arabia,23.885942,45.079162,M.E
365,P,French,F,BS,Spring,35,2020,8,2,T2,A,Aug,30-35,Saudi Arabia,23.885942,45.079162,M.E
366,D,French,M,MS,Fall,38,2020,8,1,T1,R,Aug,35-40,Saudi Arabia,23.885942,45.079162,M.E
367,P,French,M,MS,Fall,37,2020,9,2,T5,A,Sep,35-40,Saudi Arabia,23.885942,45.079162,M.E
368,D,French,M,BS,Spring,21,2021,9,2,T4,R,Sep,18-24,Saudi Arabia,23.885942,45.079162,M.E
369,A,French,F,BS,Fall,20,2020,10,2,T4,R,Oct,18-24,Saudi Arabia,23.885942,45.079162,M.E
370,A,French,M,BS,Spring,36,2021,10,3,T3,R,Oct,35-40,Saudi Arabia,23.885942,45.079162,M.E
371,A,Urdu,M,BS,Spring,18,2021,11,3,T2,P,Nov,18-24,Saudi Arabia,23.885942,45.079162,M.E
372,A,Urdu,F,MS,Spring,34,2021,11,1,T1,A,Nov,30-35,Saudi Arabia,23.885942,45.079162,M.E
373,P,Urdu,F,MS,Spring,26,2021,12,1,T1,R,Dec,25-30,Saudi Arabia,23.885942,45.079162,M.E
374,D,Urdu,F,BS,Fall,19,2021,12,2,T2,A,Dec,18-24,Bangladesh,23.685,90.3563,Asia
375,P,Urdu,M,BS,Fall,20,2021,1,3,T3,A,Jan,18-24,Bangladesh,23.685,90.3563,Asia
376,D,English,M,BS,Spring,21,2021,1,3,T2,P,Jan,18-24,Bangladesh,23.685,90.3563,Asia
377,P,English,M,PHD,Fall,22,2021,1,1,T1,P,Jan,18-24,Bangladesh,23.685,90.3563,Asia
378,P,English,F,PHD,Fall,23,2021,2,2,T5,A,Feb,18-24,Turkey,38.9637,35.2433,Europe
379,A,English,M,PHD,Spring,24,2021,2,3,T4,R,Feb,18-24,Turkey,38.9637,35.2433,Europe
380,A,English,F,BS,Fall,25,2021,2,1,T4,R,Feb,18-24,Turkey,38.9637,35.2433,Europe
381,A,Arabic,M,BS,Spring,26,2021,3,1,T3,A,Mar,25-30,Turkey,38.9637,35.2433,Europe
382,A,Arabic,M,BS,Fall,27,2021,3,3,T2,R,Mar,25-30,Turkey,38.9637,35.2433,Europe
383,D,Arabic,F,MS,Fall,28,2021,3,2,T1,P,Mar,25-30,Turkey,38.9637,35.2433,Europe
384,P,Arabic,F,BS,Fall,29,2021,4,1,T1,P,Apr,25-30,Turkey,38.9637,35.2433,Europe
385,P,Arabic,F,BS,Spring,30,2021,4,3,T2,A,Apr,25-30,Turkey,38.9637,35.2433,Europe
386,D,Arabic,M,MS,Fall,31,2021,4,2,T3,R,Apr,30-35,Turkey,38.9637,35.2433,Europe
387,P,French,M,MS,Fall,32,2021,5,1,T2,R,May,30-35,Turkey,38.9637,35.2433,Europe
388,D,French,M,BS,Spring,33,2021,5,1,T1,A,May,30-35,Turkey,38.9637,35.2433,Europe
389,A,French,F,BS,Fall,34,2021,5,1,T5,R,May,30-35,Egypt,26.820553,30.802498,M.E
390,A,French,M,BS,Spring,24,2021,6,1,T4,A,Jun,18-24,Egypt,26.820553,30.802498,M.E
391,A,French,M,BS,Spring,18,2021,6,2,T4,R,Jun,18-24,Egypt,26.820553,30.802498,M.E
392,A,French,F,MS,Spring,28,2021,6,3,T3,R,Jun,25-30,Egypt,26.820553,30.802498,M.E
393,P,French,F,MS,Spring,18,2020,7,3,T2,P,Jul,18-24,Egypt,26.820553,30.802498,M.E
394,D,French,F,BS,Fall,19,2020,7,3,T1,A,Jul,18-24,Egypt,26.820553,30.802498,M.E
395,P,French,M,BS,Fall,20,2020,7,3,T1,R,Jul,18-24,Egypt,26.820553,30.802498,M.E
396,D,French,M,BS,Spring,21,2020,8,1,T2,R,Aug,18-24,Egypt,26.820553,30.802498,M.E
397,P,Urdu,M,PHD,Fall,22,2020,8,2,T3,A,Aug,18-24,Nigeria,9.082,8.6753,Africa
398,P,Urdu,F,PHD,Fall,23,2020,8,3,T2,P,Aug,18-24,Nigeria,9.082,8.6753,Africa
399,A,Urdu,M,PHD,Spring,24,2020,9,1,T1,P,Sep,18-24,Nigeria,9.082,8.6753,Africa
400,A,English,F,BS,Fall,25,2020,9,2,T5,A,Sep,18-24,Nigeria,9.082,8.6753,Africa
401,A,English,M,BS,Spring,18,2020,1,1,T1,R,Jan,18-24,Pakistan,30.3753,69.3451,Asia
402,A,Urdu,F,MS,Spring,19,2020,1,1,T2,R,Jan,18-24,Pakistan,30.3753,69.3451,Asia
403,P,French,M,MS,Spring,20,2020,1,2,T3,R,Jan,18-24,Pakistan,30.3753,69.3451,Asia
404,D,Arabic,F,BS,Fall,18,2020,2,2,T2,P,Feb,18-24,Pakistan,30.3753,69.3451,Asia
405,P,Arabic,F,BS,Fall,30,2020,3,3,T1,P,Mar,25-30,Pakistan,30.3753,69.3451,Asia
406,D,French,M,BS,Spring,35,2020,3,3,T5,R,Mar,30-35,Pakistan,30.3753,69.3451,Asia
407,P,English,M,PHD,Fall,26,2020,4,2,T4,A,Apr,25-30,Pakistan,30.3753,69.3451,Asia
408,P,English,F,PHD,Fall,27,2020,4,1,T4,A,Apr,25-30,Pakistan,30.3753,69.3451,Asia
409,A,Urdu,M,PHD,Spring,23,2021,5,2,T3,R,May,18-24,Pakistan,30.3753,69.3451,Asia
410,A,Arabic,F,BS,Fall,30,2021,5,1,T2,R,May,25-30,Pakistan,30.3753,69.3451,Asia
411,A,Arabic,M,BS,Spring,34,2021,6,2,T1,P,Jun,30-35,Pakistan,30.3753,69.3451,Asia
412,A,Arabic,M,BS,Fall,29,2021,7,3,T1,A,Jul,25-30,Pakistan,30.3753,69.3451,Asia
413,D,Arabic,F,MS,Fall,30,2021,7,3,T2,R,Jul,25-30,Pakistan,30.3753,69.3451,Asia
414,P,Arabic,F,BS,Fall,21,2021,8,1,T3,R,Aug,18-24,Saudi Arabia,23.885942,45.079162,M.E
415,P,French,F,BS,Spring,35,2021,8,2,T2,A,Aug,30-35,Saudi Arabia,23.885942,45.079162,M.E
416,D,French,M,MS,Fall,38,2020,8,1,T1,R,Aug,35-40,Saudi Arabia,23.885942,45.079162,M.E
417,P,French,M,MS,Fall,37,2020,9,2,T5,A,Sep,35-40,Saudi Arabia,23.885942,45.079162,M.E
418,D,French,M,BS,Spring,21,2021,9,2,T4,R,Sep,18-24,Saudi Arabia,23.885942,45.079162,M.E
419,A,French,F,BS,Fall,20,2020,10,2,T4,R,Oct,18-24,Saudi Arabia,23.885942,45.079162,M.E
420,A,French,M,BS,Spring,36,2020,10,3,T3,R,Oct,35-40,Saudi Arabia,23.885942,45.079162,M.E
421,A,Urdu,M,BS,Spring,18,2020,11,3,T2,P,Nov,18-24,Saudi Arabia,23.885942,45.079162,M.E
422,A,Urdu,F,MS,Spring,34,2020,11,1,T1,A,Nov,30-35,Saudi Arabia,23.885942,45.079162,M.E
423,P,Urdu,F,MS,Spring,26,2020,12,1,T1,R,Dec,25-30,Saudi Arabia,23.885942,45.079162,M.E
424,D,Urdu,F,BS,Fall,19,2020,12,2,T2,A,Dec,18-24,Bangladesh,23.685,90.3563,Asia
425,P,Urdu,M,BS,Fall,20,2020,1,3,T3,A,Jan,18-24,Bangladesh,23.685,90.3563,Asia
426,D,English,M,BS,Spring,21,2020,1,3,T2,P,Jan,18-24,Bangladesh,23.685,90.3563,Asia
427,P,English,M,PHD,Fall,22,2020,1,1,T1,P,Jan,18-24,Bangladesh,23.685,90.3563,Asia
428,P,English,F,PHD,Fall,23,2020,2,2,T5,A,Feb,18-24,Turkey,38.9637,35.2433,Europe
429,A,English,M,PHD,Spring,24,2020,2,3,T4,R,Feb,18-24,Turkey,38.9637,35.2433,Europe
430,A,English,F,BS,Fall,25,2020,2,1,T4,R,Feb,18-24,Turkey,38.9637,35.2433,Europe
431,A,Arabic,M,BS,Spring,26,2020,3,1,T3,A,Mar,25-30,Turkey,38.9637,35.2433,Europe
432,A,Arabic,M,BS,Fall,27,2020,3,3,T2,R,Mar,25-30,Turkey,38.9637,35.2433,Europe
433,D,Arabic,F,MS,Fall,28,2020,3,2,T1,P,Mar,25-30,Turkey,38.9637,35.2433,Europe
434,P,Arabic,F,BS,Fall,29,2020,4,1,T1,P,Apr,25-30,Turkey,38.9637,35.2433,Europe
435,P,Arabic,F,BS,Spring,30,2020,4,3,T2,A,Apr,25-30,Turkey,38.9637,35.2433,Europe
436,D,Arabic,M,MS,Fall,31,2020,4,2,T3,R,Apr,30-35,Turkey,38.9637,35.2433,Europe
437,P,French,M,MS,Fall,32,2020,5,1,T2,R,May,30-35,Turkey,38.9637,35.2433,Europe
438,D,French,M,BS,Spring,33,2020,5,1,T1,A,May,30-35,Turkey,38.9637,35.2433,Europe
439,A,French,F,BS,Fall,34,2020,5,1,T5,R,May,30-35,Egypt,26.820553,30.802498,M.E
440,A,French,M,BS,Spring,24,2020,6,1,T4,A,Jun,18-24,Egypt,26.820553,30.802498,M.E
441,A,French,M,BS,Spring,18,2020,6,2,T4,R,Jun,18-24,Egypt,26.820553,30.802498,M.E
442,A,French,F,MS,Spring,28,2020,6,3,T3,R,Jun,25-30,Egypt,26.820553,30.802498,M.E
443,P,French,F,MS,Spring,18,2020,7,3,T2,P,Jul,18-24,Egypt,26.820553,30.802498,M.E
444,D,French,F,BS,Fall,19,2020,7,3,T1,A,Jul,18-24,Egypt,26.820553,30.802498,M.E
445,P,French,M,BS,Fall,20,2020,7,3,T1,R,Jul,18-24,Egypt,26.820553,30.802498,M.E
446,D,French,M,BS,Spring,21,2020,8,1,T2,R,Aug,18-24,Egypt,26.820553,30.802498,M.E
447,P,Urdu,M,PHD,Fall,22,2020,8,2,T3,A,Aug,18-24,Nigeria,9.082,8.6753,Africa
448,P,Urdu,F,PHD,Fall,23,2020,8,3,T2,P,Aug,18-24,Nigeria,9.082,8.6753,Africa
449,A,Urdu,M,PHD,Spring,24,2020,9,1,T1,P,Sep,18-24,Nigeria,9.082,8.6753,Africa
450,A,English,F,BS,Fall,25,2020,9,2,T5,A,Sep,18-24,Nigeria,9.082,8.6753,Africa
451,A,English,M,BS,Spring,18,2020,1,1,T1,R,Jan,18-24,Pakistan,30.3753,69.3451,Asia
452,A,Urdu,F,MS,Spring,19,2020,1,1,T2,R,Jan,18-24,Pakistan,30.3753,69.3451,Asia
453,P,French,M,MS,Spring,20,2020,1,2,T3,R,Jan,18-24,Pakistan,30.3753,69.3451,Asia
454,D,Arabic,F,BS,Fall,18,2021,2,2,T2,P,Feb,18-24,Pakistan,30.3753,69.3451,Asia
455,P,Arabic,F,BS,Fall,30,2020,3,3,T1,P,Mar,25-30,Pakistan,30.3753,69.3451,Asia
456,D,French,M,BS,Spring,35,2020,3,3,T5,R,Mar,30-35,Pakistan,30.3753,69.3451,Asia
457,P,English,M,PHD,Fall,26,2020,4,2,T4,A,Apr,25-30,Pakistan,30.3753,69.3451,Asia
458,P,English,F,PHD,Fall,27,2020,4,1,T4,A,Apr,25-30,Pakistan,30.3753,69.3451,Asia
459,A,Urdu,M,PHD,Spring,23,2021,5,2,T3,R,May,18-24,Pakistan,30.3753,69.3451,Asia
460,A,Arabic,F,BS,Fall,30,2021,5,1,T2,R,May,25-30,Pakistan,30.3753,69.3451,Asia
461,A,Arabic,M,BS,Spring,34,2021,6,2,T1,P,Jun,30-35,Pakistan,30.3753,69.3451,Asia
462,A,Arabic,M,BS,Fall,29,2020,7,3,T1,A,Jul,25-30,Pakistan,30.3753,69.3451,Asia
463,D,Arabic,F,MS,Fall,30,2021,7,3,T2,R,Jul,25-30,Pakistan,30.3753,69.3451,Asia
464,P,Arabic,F,BS,Fall,21,2021,8,1,T3,R,Aug,18-24,Saudi Arabia,23.885942,45.079162,M.E
465,P,French,F,BS,Spring,35,2020,8,2,T2,A,Aug,30-35,Saudi Arabia,23.885942,45.079162,M.E
466,D,French,M,MS,Fall,38,2020,8,1,T1,R,Aug,35-40,Saudi Arabia,23.885942,45.079162,M.E
467,P,French,M,MS,Fall,37,2020,9,2,T5,A,Sep,35-40,Saudi Arabia,23.885942,45.079162,M.E
468,D,French,M,BS,Spring,21,2021,9,2,T4,R,Sep,18-24,Saudi Arabia,23.885942,45.079162,M.E
469,A,French,F,BS,Fall,20,2020,10,2,T4,R,Oct,18-24,Saudi Arabia,23.885942,45.079162,M.E
470,A,French,M,BS,Spring,36,2021,10,3,T3,R,Oct,35-40,Saudi Arabia,23.885942,45.079162,M.E
471,A,Urdu,M,BS,Spring,18,2021,11,3,T2,P,Nov,18-24,Saudi Arabia,23.885942,45.079162,M.E
472,A,Urdu,F,MS,Spring,34,2021,11,1,T1,A,Nov,30-35,Saudi Arabia,23.885942,45.079162,M.E
473,P,Urdu,F,MS,Spring,26,2021,12,1,T1,R,Dec,25-30,Saudi Arabia,23.885942,45.079162,M.E
474,D,Urdu,F,BS,Fall,19,2021,12,2,T2,A,Dec,18-24,Bangladesh,23.685,90.3563,Asia
475,P,Urdu,M,BS,Fall,20,2021,1,3,T3,A,Jan,18-24,Bangladesh,23.685,90.3563,Asia
476,D,English,M,BS,Spring,21,2021,1,3,T2,P,Jan,18-24,Bangladesh,23.685,90.3563,Asia
477,P,English,M,PHD,Fall,22,2021,1,1,T1,P,Jan,18-24,Bangladesh,23.685,90.3563,Asia
478,P,English,F,PHD,Fall,23,2021,2,2,T5,A,Feb,18-24,Turkey,38.9637,35.2433,Europe
479,A,English,M,PHD,Spring,24,2021,2,3,T4,R,Feb,18-24,Turkey,38.9637,35.2433,Europe
480,A,English,F,BS,Fall,25,2021,2,1,T4,R,Feb,18-24,Turkey,38.9637,35.2433,Europe
481,A,Arabic,M,BS,Spring,26,2021,3,1,T3,A,Mar,25-30,Turkey,38.9637,35.2433,Europe
482,A,Arabic,M,BS,Fall,27,2021,3,3,T2,R,Mar,25-30,Turkey,38.9637,35.2433,Europe
483,D,Arabic,F,MS,Fall,28,2021,3,2,T1,P,Mar,25-30,Turkey,38.9637,35.2433,Europe
484,P,Arabic,F,BS,Fall,29,2021,4,1,T1,P,Apr,25-30,Turkey,38.9637,35.2433,Europe
485,P,Arabic,F,BS,Spring,30,2021,4,3,T2,A,Apr,25-30,Turkey,38.9637,35.2433,Europe
486,D,Arabic,M,MS,Fall,31,2021,4,2,T3,R,Apr,30-35,Turkey,38.9637,35.2433,Europe
487,P,French,M,MS,Fall,32,2021,5,1,T2,R,May,30-35,Turkey,38.9637,35.2433,Europe
488,D,French,M,BS,Spring,33,2021,5,1,T1,A,May,30-35,Turkey,38.9637,35.2433,Europe
489,A,French,F,BS,Fall,34,2021,5,1,T5,R,May,30-35,Egypt,26.820553,30.802498,M.E
490,A,French,M,BS,Spring,24,2021,6,1,T4,A,Jun,18-24,Egypt,26.820553,30.802498,M.E
491,A,French,M,BS,Spring,18,2021,6,2,T4,R,Jun,18-24,Egypt,26.820553,30.802498,M.E
492,A,French,F,MS,Spring,28,2021,6,3,T3,R,Jun,25-30,Egypt,26.820553,30.802498,M.E
493,P,French,F,MS,Spring,18,2020,7,3,T2,P,Jul,18-24,Egypt,26.820553,30.802498,M.E
494,D,French,F,BS,Fall,19,2020,7,3,T1,A,Jul,18-24,Egypt,26.820553,30.802498,M.E
495,P,French,M,BS,Fall,20,2020,7,3,T1,R,Jul,18-24,Egypt,26.820553,30.802498,M.E
496,D,French,M,BS,Spring,21,2020,8,1,T2,R,Aug,18-24,Egypt,26.820553,30.802498,M.E
497,P,Urdu,M,PHD,Fall,22,2020,8,2,T3,A,Aug,18-24,Nigeria,9.082,8.6753,Africa
498,P,Urdu,F,PHD,Fall,23,2020,8,3,T2,P,Aug,18-24,Nigeria,9.082,8.6753,Africa
499,A,Urdu,M,PHD,Spring,24,2020,9,1,T1,P,Sep,18-24,Nigeria,9.082,8.6753,Africa
500,A,English,F,BS,Fall,25,2020,9,2,T5,A,Sep,18-24,Nigeria,9.082,8.6753,Africa
501,A,English,M,BS,Spring,18,2020,1,1,T1,R,Jan,18-24,Pakistan,30.3753,69.3451,Asia
502,A,Urdu,F,MS,Spring,19,2020,1,1,T2,R,Jan,18-24,Pakistan,30.3753,69.3451,Asia
503,P,French,M,MS,Spring,20,2020,1,2,T3,R,Jan,18-24,Pakistan,30.3753,69.3451,Asia
504,D,Arabic,F,BS,Fall,18,2020,2,2,T2,P,Feb,18-24,Pakistan,30.3753,69.3451,Asia
505,P,Arabic,F,BS,Fall,30,2020,3,3,T1,P,Mar,25-30,Pakistan,30.3753,69.3451,Asia
506,D,French,M,BS,Spring,35,2020,3,3,T5,R,Mar,30-35,Pakistan,30.3753,69.3451,Asia
507,P,English,M,PHD,Fall,26,2020,4,2,T4,A,Apr,25-30,Pakistan,30.3753,69.3451,Asia
508,P,English,F,PHD,Fall,27,2020,4,1,T4,A,Apr,25-30,Pakistan,30.3753,69.3451,Asia
509,A,Urdu,M,PHD,Spring,23,2021,5,2,T3,R,May,18-24,Pakistan,30.3753,69.3451,Asia
510,A,Arabic,F,BS,Fall,30,2021,5,1,T2,R,May,25-30,Pakistan,30.3753,69.3451,Asia
511,A,Arabic,M,BS,Spring,34,2021,6,2,T1,P,Jun,30-35,Pakistan,30.3753,69.3451,Asia
512,A,Arabic,M,BS,Fall,29,2021,7,3,T1,A,Jul,25-30,Pakistan,30.3753,69.3451,Asia
513,D,Arabic,F,MS,Fall,30,2021,7,3,T2,R,Jul,25-30,Pakistan,30.3753,69.3451,Asia
514,P,Arabic,F,BS,Fall,21,2021,8,1,T3,R,Aug,18-24,Saudi Arabia,23.885942,45.079162,M.E
515,P,French,F,BS,Spring,35,2021,8,2,T2,A,Aug,30-35,Saudi Arabia,23.885942,45.079162,M.E
516,D,French,M,MS,Fall,38,2020,8,1,T1,R,Aug,35-40,Saudi Arabia,23.885942,45.079162,M.E
517,P,French,M,MS,Fall,37,2020,9,2,T5,A,Sep,35-40,Saudi Arabia,23.885942,45.079162,M.E
518,D,French,M,BS,Spring,21,2021,9,2,T4,R,Sep,18-24,Saudi Arabia,23.885942,45.079162,M.E
519,A,French,F,BS,Fall,20,2020,10,2,T4,R,Oct,18-24,Saudi Arabia,23.885942,45.079162,M.E
520,A,French,M,BS,Spring,36,2020,10,3,T3,R,Oct,35-40,Saudi Arabia,23.885942,45.079162,M.E
521,A,Urdu,M,BS,Spring,18,2020,11,3,T2,P,Nov,18-24,Saudi Arabia,23.885942,45.079162,M.E
522,A,Urdu,F,MS,Spring,34,2020,11,1,T1,A,Nov,30-35,Saudi Arabia,23.885942,45.079162,M.E
523,P,Urdu,F,MS,Spring,26,2020,12,1,T1,R,Dec,25-30,Saudi Arabia,23.885942,45.079162,M.E
524,D,Urdu,F,BS,Fall,19,2020,12,2,T2,A,Dec,18-24,Bangladesh,23.685,90.3563,Asia
525,P,Urdu,M,BS,Fall,20,2020,1,3,T3,A,Jan,18-24,Bangladesh,23.685,90.3563,Asia
526,D,English,M,BS,Spring,21,2020,1,3,T2,P,Jan,18-24,Bangladesh,23.685,90.3563,Asia
527,P,English,M,PHD,Fall,22,2020,1,1,T1,P,Jan,18-24,Bangladesh,23.685,90.3563,Asia
528,P,English,F,PHD,Fall,23,2020,2,2,T5,A,Feb,18-24,Turkey,38.9637,35.2433,Europe
529,A,English,M,PHD,Spring,24,2020,2,3,T4,R,Feb,18-24,Turkey,38.9637,35.2433,Europe
530,A,English,F,BS,Fall,25,2020,2,1,T4,R,Feb,18-24,Turkey,38.9637,35.2433,Europe
531,A,Arabic,M,BS,Spring,26,2020,3,1,T3,A,Mar,25-30,Turkey,38.9637,35.2433,Europe
532,A,Arabic,M,BS,Fall,27,2020,3,3,T2,R,Mar,25-30,Turkey,38.9637,35.2433,Europe
533,D,Arabic,F,MS,Fall,28,2020,3,2,T1,P,Mar,25-30,Turkey,38.9637,35.2433,Europe
534,P,Arabic,F,BS,Fall,29,2020,4,1,T1,P,Apr,25-30,Turkey,38.9637,35.2433,Europe
535,P,Arabic,F,BS,Spring,30,2020,4,3,T2,A,Apr,25-30,Turkey,38.9637,35.2433,Europe
536,D,Arabic,M,MS,Fall,31,2020,4,2,T3,R,Apr,30-35,Turkey,38.9637,35.2433,Europe
537,P,French,M,MS,Fall,32,2020,5,1,T2,R,May,30-35,Turkey,38.9637,35.2433,Europe
538,D,French,M,BS,Spring,33,2020,5,1,T1,A,May,30-35,Turkey,38.9637,35.2433,Europe
539,A,French,F,BS,Fall,34,2020,5,1,T5,R,May,30-35,Egypt,26.820553,30.802498,M.E
540,A,French,M,BS,Spring,24,2020,6,1,T4,A,Jun,18-24,Egypt,26.820553,30.802498,M.E
541,A,French,M,BS,Spring,18,2020,6,2,T4,R,Jun,18-24,Egypt,26.820553,30.802498,M.E
542,A,French,F,MS,Spring,28,2020,6,3,T3,R,Jun,25-30,Egypt,26.820553,30.802498,M.E
543,P,French,F,MS,Spring,18,2020,7,3,T2,P,Jul,18-24,Egypt,26.820553,30.802498,M.E
544,D,French,F,BS,Fall,19,2020,7,3,T1,A,Jul,18-24,Egypt,26.820553,30.802498,M.E
545,P,French,M,BS,Fall,20,2020,7,3,T1,R,Jul,18-24,Egypt,26.820553,30.802498,M.E
546,D,French,M,BS,Spring,21,2020,8,1,T2,R,Aug,18-24,Egypt,26.820553,30.802498,M.E
547,P,Urdu,M,PHD,Fall,22,2020,8,2,T3,A,Aug,18-24,Nigeria,9.082,8.6753,Africa
548,P,Urdu,F,PHD,Fall,23,2020,8,3,T2,P,Aug,18-24,Nigeria,9.082,8.6753,Africa
549,A,Urdu,M,PHD,Spring,24,2020,9,1,T1,P,Sep,18-24,Nigeria,9.082,8.6753,Africa
550,A,English,F,BS,Fall,25,2020,9,2,T5,A,Sep,18-24,Nigeria,9.082,8.6753,Africa
551,A,English,M,BS,Spring,18,2020,1,1,T1,R,Jan,18-24,Pakistan,30.3753,69.3451,Asia
552,A,Urdu,F,MS,Spring,19,2020,1,1,T2,R,Jan,18-24,Pakistan,30.3753,69.3451,Asia
553,P,French,M,MS,Spring,20,2020,1,2,T3,R,Jan,18-24,Pakistan,30.3753,69.3451,Asia
554,D,Arabic,F,BS,Fall,18,2021,2,2,T2,P,Feb,18-24,Pakistan,30.3753,69.3451,Asia
555,P,Arabic,F,BS,Fall,30,2020,3,3,T1,P,Mar,25-30,Pakistan,30.3753,69.3451,Asia
556,D,French,M,BS,Spring,35,2020,3,3,T5,R,Mar,30-35,Pakistan,30.3753,69.3451,Asia
557,P,English,M,PHD,Fall,26,2020,4,2,T4,A,Apr,25-30,Pakistan,30.3753,69.3451,Asia
558,P,English,F,PHD,Fall,27,2020,4,1,T4,A,Apr,25-30,Pakistan,30.3753,69.3451,Asia
559,A,Urdu,M,PHD,Spring,23,2021,5,2,T3,R,May,18-24,Pakistan,30.3753,69.3451,Asia
560,A,Arabic,F,BS,Fall,30,2021,5,1,T2,R,May,25-30,Pakistan,30.3753,69.3451,Asia
561,A,Arabic,M,BS,Spring,34,2021,6,2,T1,P,Jun,30-35,Pakistan,30.3753,69.3451,Asia
562,A,Arabic,M,BS,Fall,29,2020,7,3,T1,A,Jul,25-30,Pakistan,30.3753,69.3451,Asia
563,D,Arabic,F,MS,Fall,30,2021,7,3,T2,R,Jul,25-30,Pakistan,30.3753,69.3451,Asia
564,P,Arabic,F,BS,Fall,21,2021,8,1,T3,R,Aug,18-24,Saudi Arabia,23.885942,45.079162,M.E
565,P,French,F,BS,Spring,35,2020,8,2,T2,A,Aug,30-35,Saudi Arabia,23.885942,45.079162,M.E
566,D,French,M,MS,Fall,38,2020,8,1,T1,R,Aug,35-40,Saudi Arabia,23.885942,45.079162,M.E
567,P,French,M,MS,Fall,37,2020,9,2,T5,A,Sep,35-40,Saudi Arabia,23.885942,45.079162,M.E
568,D,French,M,BS,Spring,21,2021,9,2,T4,R,Sep,18-24,Saudi Arabia,23.885942,45.079162,M.E
569,A,French,F,BS,Fall,20,2020,10,2,T4,R,Oct,18-24,Saudi Arabia,23.885942,45.079162,M.E
570,A,French,M,BS,Spring,36,2021,10,3,T3,R,Oct,35-40,Saudi Arabia,23.885942,45.079162,M.E
571,A,Urdu,M,BS,Spring,18,2021,11,3,T2,P,Nov,18-24,Saudi Arabia,23.885942,45.079162,M.E
572,A,Urdu,F,MS,Spring,34,2021,11,1,T1,A,Nov,30-35,Saudi Arabia,23.885942,45.079162,M.E
573,P,Urdu,F,MS,Spring,26,2021,12,1,T1,R,Dec,25-30,Saudi Arabia,23.885942,45.079162,M.E
574,D,Urdu,F,BS,Fall,19,2021,12,2,T2,A,Dec,18-24,Bangladesh,23.685,90.3563,Asia
575,P,Urdu,M,BS,Fall,20,2021,1,3,T3,A,Jan,18-24,Bangladesh,23.685,90.3563,Asia
576,D,English,M,BS,Spring,21,2021,1,3,T2,P,Jan,18-24,Bangladesh,23.685,90.3563,Asia
577,P,English,M,PHD,Fall,22,2021,1,1,T1,P,Jan,18-24,Bangladesh,23.685,90.3563,Asia
578,P,English,F,PHD,Fall,23,2021,2,2,T5,A,Feb,18-24,Turkey,38.9637,35.2433,Europe
579,A,English,M,PHD,Spring,24,2021,2,3,T4,R,Feb,18-24,Turkey,38.9637,35.2433,Europe
580,A,English,F,BS,Fall,25,2021,2,1,T4,R,Feb,18-24,Turkey,38.9637,35.2433,Europe
581,A,Arabic,M,BS,Spring,26,2021,3,1,T3,A,Mar,25-30,Turkey,38.9637,35.2433,Europe
582,A,Arabic,M,BS,Fall,27,2021,3,3,T2,R,Mar,25-30,Turkey,38.9637,35.2433,Europe
583,D,Arabic,F,MS,Fall,28,2021,3,2,T1,P,Mar,25-30,Turkey,38.9637,35.2433,Europe
584,P,Arabic,F,BS,Fall,29,2021,4,1,T1,P,Apr,25-30,Turkey,38.9637,35.2433,Europe
585,P,Arabic,F,BS,Spring,30,2021,4,3,T2,A,Apr,25-30,Turkey,38.9637,35.2433,Europe
586,D,Arabic,M,MS,Fall,31,2021,4,2,T3,R,Apr,30-35,Turkey,38.9637,35.2433,Europe
587,P,French,M,MS,Fall,32,2021,5,1,T2,R,May,30-35,Turkey,38.9637,35.2433,Europe
588,D,French,M,BS,Spring,33,2021,5,1,T1,A,May,30-35,Turkey,38.9637,35.2433,Europe
589,A,French,F,BS,Fall,34,2021,5,1,T5,R,May,30-35,Egypt,26.820553,30.802498,M.E
590,A,French,M,BS,Spring,24,2021,6,1,T4,A,Jun,18-24,Egypt,26.820553,30.802498,M.E
591,A,French,M,BS,Spring,18,2021,6,2,T4,R,Jun,18-24,Egypt,26.820553,30.802498,M.E
592,A,French,F,MS,Spring,28,2021,6,3,T3,R,Jun,25-30,Egypt,26.820553,30.802498,M.E
593,P,French,F,MS,Spring,18,2020,7,3,T2,P,Jul,18-24,Egypt,26.820553,30.802498,M.E
594,D,French,F,BS,Fall,19,2020,7,3,T1,A,Jul,18-24,Egypt,26.820553,30.802498,M.E
595,P,French,M,BS,Fall,20,2020,7,3,T1,R,Jul,18-24,Egypt,26.820553,30.802498,M.E
596,D,French,M,BS,Spring,21,2020,8,1,T2,R,Aug,18-24,Egypt,26.820553,30.802498,M.E
597,P,Urdu,M,PHD,Fall,22,2020,8,2,T3,A,Aug,18-24,Nigeria,9.082,8.6753,Africa
598,P,Urdu,F,PHD,Fall,23,2020,8,3,T2,P,Aug,18-24,Nigeria,9.082,8.6753,Africa
599,A,Urdu,M,PHD,Spring,24,2020,9,1,T1,P,Sep,18-24,Nigeria,9.082,8.6753,Africa
600,A,English,F,BS,Fall,25,2020,9,2,T5,A,Sep,18-24,Nigeria,9.082,8.6753,Africa
